{
  "timestamp": "2026-01-30T05:53:10.000762",
  "simulation_parameters": {
    "gate_time_tf": 1.219096,
    "amplitude_A": 0.1122,
    "frequency_omegaf": 1.0431,
    "phase_phi0": -0.72565603,
    "rabi_eff_MHz": 5.0,
    "distance_um": 3.0,
    "delta_MHz": -9100.0
  },
  "physical_parameters": {
    "C6_coefficient": 874000.0,
    "blockade_shift_V_MHz": 1198.9026063100137,
    "rabi_420_MHz": 491.7091620053464,
    "rabi_1013_MHz": 185.0687500490596,
    "gamma_bbr_MHz": 0.002436587802441461,
    "gamma_rd_MHz": 0.004161894546618255,
    "gamma_mid_MHz": 9.090909090909092
  },
  "fidelity_results": {
    "individual_fidelities": [
      0.9951505465034218,
      0.9945475128020111,
      0.9947749908907306,
      0.9949260243898539,
      0.9985001465671848,
      0.9932077932957721,
      0.9951460504281533,
      0.9945672854868026,
      0.9947869556632827,
      0.9949292483900005,
      0.9951293600374991,
      0.9951284782297292
    ],
    "individual_thetas_rad": [
      0.451002692008556,
      0.4521060594935061,
      0.45040849900940394,
      0.45269721821976683,
      0.46827680160261337,
      0.7992099034251716,
      0.4514870156300667,
      0.4516364003766047,
      0.45247111113966687,
      0.45065135658328365,
      0.45159149108958535,
      0.4515916902547256
    ],
    "mean_raw_fidelity": 0.9950661993903701,
    "mean_theta_rad": 0.45155754405760684,
    "mean_fidelity_with_correction": 0.9950659963861693,
    "fidelities_with_mean_theta": [
      0.9951503933684495,
      0.9945473632609133,
      0.9947743350821755,
      0.9949253778974313,
      0.9985001465671844,
      0.9932077932957719,
      0.9951460479742634,
      0.994567282372786,
      0.9947865404945117,
      0.994928840257793,
      0.9951293589418533,
      0.9951284771208981
    ]
  },
  "timing": {
    "init_time_s": 3.3978583812713623,
    "simulation_time_s": 444.2115054130554,
    "total_time_s": 450.6631712913513
  }
}